<Objects><Object File="FGrass01.png" Name="Grass 1" Scale="1.000000" Type="1" xSize="0.256000" ySize="0.256000" bShadow="0"/><Object File="grass01.dds" Name="Grass 2" Scale="1.000000" Type="1" xSize="0.458000" ySize="0.243000" bShadow="0"/><Object File="grass02.dds" Name="Grass 3" Scale="1.000000" Type="1" xSize="0.417000" ySize="0.252000" bShadow="0"/><Object File="bush.dds" Name="Bush" Scale="1.000000" Type="0" xSize="0.390000" ySize="0.250000" bShadow="0"/><Object File="tree001.dds" Name="tree 1" Scale="1.000000" Type="0" xSize="1.170000" ySize="1.926000" bShadow="0"/><Object File="tree002.dds" Name="tree 2" Scale="1.000000" Type="0" xSize="1.000000" ySize="1.000000" bShadow="0"/><Object File="tree003.dds" Name="tree 3" Scale="1.000000" Type="0" xSize="2.000000" ySize="2.260000" bShadow="0"/><Object File="tree004.dds" Name="tree 4" Scale="1.000000" Type="0" xSize="1.334000" ySize="2.000000" bShadow="0"/><Object File="tree005.dds" Name="tree 5" Scale="1.000000" Type="0" xSize="1.600000" ySize="2.000000" bShadow="0"/><Object File="tree006.dds" Name="tree 6" Scale="1.000000" Type="0" xSize="1.430000" ySize="2.400000" bShadow="0"/><Object File="tree007.dds" Name="tree 7" Scale="1.000000" Type="0" xSize="1.278000" ySize="2.200000" bShadow="0"/><Object File="tree008.dds" Name="tree 8" Scale="1.000000" Type="0" xSize="1.908000" ySize="2.552000" bShadow="0"/><Object File="tree009.dds" Name="tree 9" Scale="1.000000" Type="0" xSize="1.974000" ySize="2.966000" bShadow="0"/><Object File="tree010.dds" Name="tree 10" Scale="1.000000" Type="0" xSize="0.256000" ySize="0.256000" bShadow="0"/><Object File="rock.x" Name="rock 1" Scale="0.020000" Type="2" xSize="0.000000" ySize="0.000000" bShadow="1"/><Object File="rock2.x" Name="rock 2" Scale="0.050000" Type="2" xSize="0.000000" ySize="0.000000" bShadow="1"/><Object File="fir_Tree.x" Name="Fir Tree" Scale="0.010000" Type="2" xSize="0.000000" ySize="0.000000" bShadow="0"/><Object File="plant.x" Name="plant" Scale="0.010000" Type="2" xSize="0.000000" ySize="0.000000" bShadow="1"/><Object File="Bld-02.x" Name="Building 1" Scale="0.012000" Type="2" xSize="0.000000" ySize="0.000000" bShadow="1"/><Object File="Bld-03.x" Name="Building 2" Scale="0.012000" Type="2" xSize="0.000000" ySize="0.000000" bShadow="1"/><Object File="Bld-04.x" Name="Building 3" Scale="0.012000" Type="2" xSize="0.000000" ySize="0.000000" bShadow="1"/><Object File="Bld-05.x" Name="Building 4" Scale="0.012000" Type="2" xSize="0.000000" ySize="0.000000" bShadow="1"/><Object File="Bld-06.x" Name="Building 5" Scale="0.012000" Type="2" xSize="0.000000" ySize="0.000000" bShadow="1"/><Object File="Bld-09.x" Name="Building 6" Scale="0.012000" Type="2" xSize="0.000000" ySize="0.000000" bShadow="1"/><Object File="Bld-11.x" Name="Building 7" Scale="0.012000" Type="2" xSize="0.000000" ySize="0.000000" bShadow="1"/><Object File="Aspen_Tree.x" Name="Aspen Tree" Scale="0.010000" Type="2" xSize="0.000000" ySize="0.000000" bShadow="0"/><Object File="Dogwood_Tree.x" Name="Dogwood Tree" Scale="0.010000" Type="2" xSize="0.000000" ySize="0.000000" bShadow="0"/><Object File="Oak_Tree.x" Name="Oak Tree" Scale="0.010000" Type="2" xSize="0.000000" ySize="0.000000" bShadow="0"/><Object File="grass.x" Name="Grass 4" Scale="0.010000" Type="2" xSize="0.000000" ySize="0.000000" bShadow="0"/><Object File="Crate.X" Name="Invisibility PowerUP" Scale="0.020000" Type="3" xSize="0.000000" ySize="0.000000" bShadow="1" PowerUp.Duration="30.000000" PowerUp.WeaponPower="0.000000" PowerUp.Health="0.000000" PowerUp.Shields="0.000000" PowerUp.MaxSpeed="0.000000" PowerUp.Type="1"/><Object File="RockTower.x" Name="Rock Tower" Scale="0.010000" Type="2" xSize="0.000000" ySize="0.000000" bShadow="1"/><Object File="Crystal.X" Name="Crystal" Scale="0.005000" Type="2" xSize="0.000000" ySize="0.000000" bShadow="0"/><Object File="sphere0.x" Name="Waypoint" Scale="1.000000" Type="4" xSize="0.000000" ySize="0.000000" bShadow="0"/><Object File="Crate.X" Name="Invulnerability" Scale="0.020000" Type="3" xSize="0.000000" ySize="0.000000" bShadow="1" PowerUp.Duration="30.000000" PowerUp.WeaponPower="0.000000" PowerUp.Health="0.000000" PowerUp.Shields="0.000000" PowerUp.MaxSpeed="0.000000" PowerUp.Type="0"/><Object File="Crate.X" Name="Health" Scale="0.020000" Type="3" xSize="0.000000" ySize="0.000000" bShadow="1" PowerUp.Duration="0.000000" PowerUp.WeaponPower="0.000000" PowerUp.Health="100.000000" PowerUp.Shields="0.000000" PowerUp.MaxSpeed="0.000000" PowerUp.Type="2"/><Object File="Crate.X" Name="Sheilds" Scale="0.020000" Type="3" xSize="0.000000" ySize="0.000000" bShadow="1" PowerUp.Duration="0.000000" PowerUp.WeaponPower="0.000000" PowerUp.Health="0.000000" PowerUp.Shields="100.000000" PowerUp.MaxSpeed="0.000000" PowerUp.Type="2"/></Objects>
