<Sprites><Sprite File="sf-05.x" Name="Interceptor 1" Scale="0.003000" MaxSpeed="21.000000" Turning_Rate="2.000000" Acceleration="2.000000" Drag="2.000000" DefaultWeapon="5" IsBuilding="0" UserSelectable="1" MinSpeed="1.000000" MaxHight="40.000000" MaxShields="75.000000" MaxDamage="100.000000" RegenRate="5.000000" MinHight="0.500000" zMeshRot="4.712389" yMeshRot="0.000000" RestrictRot="0"/><Sprite File="sf-06.x" Name="Interceptor 2" Scale="0.003000" MaxSpeed="21.000000" Turning_Rate="2.000000" Acceleration="2.000000" Drag="2.000000" DefaultWeapon="5" IsBuilding="0" UserSelectable="1" MinSpeed="1.000000" MaxHight="40.000000" MaxShields="75.000000" MaxDamage="100.000000" RegenRate="5.000000" MinHight="0.500000" zMeshRot="4.712389" yMeshRot="0.000000" RestrictRot="0"/><Sprite File="sf-08.x" Name="Bomber 1" Scale="0.003000" MaxSpeed="19.000000" Turning_Rate="4.000000" Acceleration="1.500000" Drag="2.000000" DefaultWeapon="3" IsBuilding="0" UserSelectable="1" MinSpeed="1.000000" MaxHight="40.000000" MaxShields="200.000000" MaxDamage="100.000000" RegenRate="5.000000" MinHight="0.500000" zMeshRot="4.712389" yMeshRot="0.000000" RestrictRot="0"/><Sprite File="sf-11.x" Name="Bomber 2" Scale="0.003000" MaxSpeed="19.000000" Turning_Rate="4.000000" Acceleration="1.500000" Drag="2.000000" DefaultWeapon="3" IsBuilding="0" UserSelectable="1" MinSpeed="1.000000" MaxHight="40.000000" MaxShields="200.000000" MaxDamage="100.000000" RegenRate="5.000000" MinHight="0.500000" zMeshRot="4.712389" yMeshRot="0.000000" RestrictRot="0"/><Sprite File="sf-03.x" Name="Fighter 1" Scale="0.003000" MaxSpeed="20.000000" Turning_Rate="3.000000" Acceleration="1.000000" Drag="2.000000" DefaultWeapon="0" IsBuilding="0" UserSelectable="1" MinSpeed="1.000000" MaxHight="40.000000" MaxShields="100.000000" MaxDamage="100.000000" RegenRate="5.000000" MinHight="0.500000" zMeshRot="4.712389" yMeshRot="0.000000" RestrictRot="0"/><Sprite File="sf-01.x" Name="Fighter 2" Scale="0.003000" MaxSpeed="20.000000" Turning_Rate="3.000000" Acceleration="1.000000" Drag="2.000000" DefaultWeapon="0" IsBuilding="0" UserSelectable="1" MinSpeed="1.000000" MaxHight="40.000000" MaxShields="100.000000" MaxDamage="100.000000" RegenRate="5.000000" MinHight="0.500000" zMeshRot="4.712389" yMeshRot="0.000000" RestrictRot="0"/><Sprite File="al-05.x" Name="Alein Interceptor 1" Scale="0.003000" MaxSpeed="21.000000" Turning_Rate="2.000000" Acceleration="2.000000" Drag="2.000000" DefaultWeapon="5" IsBuilding="0" UserSelectable="0" MinSpeed="1.000000" MaxHight="40.000000" MaxShields="75.000000" MaxDamage="100.000000" RegenRate="5.000000" MinHight="0.500000" zMeshRot="4.712389" yMeshRot="3.141593" RestrictRot="0"><Texture File="AL02.jpg"/><Texture File="AL03.jpg"/><Texture File="AL04.jpg"/><Texture File="AL05.jpg"/></Sprite><Sprite File="al-10.x" Name="Alein Bomber 1" Scale="0.003000" MaxSpeed="19.000000" Turning_Rate="4.000000" Acceleration="1.500000" Drag="2.000000" DefaultWeapon="3" IsBuilding="0" UserSelectable="0" MinSpeed="1.000000" MaxHight="40.000000" MaxShields="200.000000" MaxDamage="100.000000" RegenRate="5.000000" MinHight="0.500000" zMeshRot="4.712389" yMeshRot="3.141593" RestrictRot="0"><Texture File="AL02.jpg"/><Texture File="AL03.jpg"/><Texture File="AL04.jpg"/><Texture File="AL05.jpg"/></Sprite><Sprite File="al-12.x" Name="Alein Fighter 1" Scale="0.003000" MaxSpeed="20.000000" Turning_Rate="3.000000" Acceleration="1.000000" Drag="2.000000" DefaultWeapon="0" IsBuilding="0" UserSelectable="0" MinSpeed="1.000000" MaxHight="40.000000" MaxShields="100.000000" MaxDamage="100.000000" RegenRate="5.000000" MinHight="0.500000" zMeshRot="4.712389" yMeshRot="3.141593" RestrictRot="0"><Texture File="AL02.jpg"/><Texture File="AL03.jpg"/><Texture File="AL04.jpg"/><Texture File="AL05.jpg"/></Sprite><Sprite File="al-13.x" Name="Alein Fighter 2" Scale="0.003000" MaxSpeed="20.000000" Turning_Rate="3.000000" Acceleration="1.000000" Drag="2.000000" DefaultWeapon="0" IsBuilding="0" UserSelectable="0" MinSpeed="1.000000" MaxHight="40.000000" MaxShields="100.000000" MaxDamage="100.000000" RegenRate="5.000000" MinHight="0.500000" zMeshRot="4.712389" yMeshRot="3.141593" RestrictRot="0"><Texture File="AL02.jpg"/><Texture File="AL03.jpg"/><Texture File="AL04.jpg"/><Texture File="AL05.jpg"/></Sprite><Sprite File="al-14.x" Name="Alein Fighter 3" Scale="0.003000" MaxSpeed="20.000000" Turning_Rate="3.000000" Acceleration="1.000000" Drag="2.000000" DefaultWeapon="0" IsBuilding="0" UserSelectable="0" MinSpeed="1.000000" MaxHight="40.000000" MaxShields="100.000000" MaxDamage="100.000000" RegenRate="5.000000" MinHight="0.500000" zMeshRot="4.712389" yMeshRot="3.141593" RestrictRot="0"><Texture File="AL02.jpg"/><Texture File="AL03.jpg"/><Texture File="AL04.jpg"/><Texture File="AL05.jpg"/></Sprite><Sprite File="al-17.x" Name="Alein Interceptor 2" Scale="0.003000" MaxSpeed="21.000000" Turning_Rate="2.000000" Acceleration="2.000000" Drag="2.000000" DefaultWeapon="5" IsBuilding="0" UserSelectable="0" MinSpeed="1.000000" MaxHight="40.000000" MaxShields="75.000000" MaxDamage="100.000000" RegenRate="5.000000" MinHight="0.500000" zMeshRot="4.712389" yMeshRot="3.141593" RestrictRot="0"><Texture File="AL02.jpg"/><Texture File="AL03.jpg"/><Texture File="AL04.jpg"/><Texture File="AL05.jpg"/></Sprite><Sprite File="Bld-01.x" Name="Warehouse" Scale="0.012000" MaxSpeed="0.000000" Turning_Rate="0.000000" Acceleration="0.000000" Drag="5.000000" DefaultWeapon="-1" IsBuilding="1" UserSelectable="0" MinSpeed="0.000000" MaxHight="0.000000" MaxShields="100.000000" MaxDamage="50.000000" RegenRate="5.000000" MinHight="0.000000" zMeshRot="-1.570796" yMeshRot="0.000000" RestrictRot="0"><Texture File="bld-02.jpg"/><Texture File="bld-03.jpg"/></Sprite><Sprite File="Bld-07.x" Name="Power Generator" Scale="0.012000" MaxSpeed="0.000000" Turning_Rate="0.000000" Acceleration="0.000000" Drag="5.000000" DefaultWeapon="-1" IsBuilding="1" UserSelectable="0" MinSpeed="0.000000" MaxHight="0.000000" MaxShields="100.000000" MaxDamage="300.000000" RegenRate="5.000000" MinHight="0.000000" zMeshRot="-1.570796" yMeshRot="0.000000" RestrictRot="0"><Texture File="bld-02.jpg"/><Texture File="bld-03.jpg"/></Sprite><Sprite File="Bld-08.x" Name="Launch pad" Scale="0.012000" MaxSpeed="0.000000" Turning_Rate="0.000000" Acceleration="0.000000" Drag="5.000000" DefaultWeapon="-1" IsBuilding="1" UserSelectable="0" MinSpeed="0.000000" MaxHight="0.000000" MaxShields="100.000000" MaxDamage="200.000000" RegenRate="5.000000" MinHight="0.000000" zMeshRot="-1.570796" yMeshRot="0.000000" RestrictRot="0"><Texture File="bld-02.jpg"/><Texture File="bld-03.jpg"/></Sprite><Sprite File="Bld-10.x" Name="Command Center" Scale="0.012000" MaxSpeed="0.000000" Turning_Rate="0.000000" Acceleration="0.000000" Drag="5.000000" DefaultWeapon="-1" IsBuilding="1" UserSelectable="0" MinSpeed="0.000000" MaxHight="0.000000" MaxShields="100.000000" MaxDamage="500.000000" RegenRate="5.000000" MinHight="0.000000" zMeshRot="-1.570796" yMeshRot="0.000000" RestrictRot="0"><Texture File="bld-02.jpg"/><Texture File="bld-03.jpg"/></Sprite><Sprite File="Gunta.x" Name="Turret" Scale="0.022000" MaxSpeed="0.000000" Turning_Rate="10.000000" Acceleration="0.000000" Drag="5.000000" DefaultWeapon="6" IsBuilding="1" UserSelectable="0" MinSpeed="0.000000" MaxHight="0.000000" MaxShields="100.000000" MaxDamage="500.000000" RegenRate="5.000000" MinHight="0.000000" zMeshRot="-1.570800" yMeshRot="0.000000" RestrictRot="0"><Texture File="bld-02.jpg"/><Texture File="bld-03.jpg"/></Sprite></Sprites>
